CAP,Reddito Medio
20121,107467.7213
20122,65401.87851
20123,80216.81901
20124,53814.33516
20125,32069.72908
20126,30034.32781
20127,25992.45769
20128,26918.32875
20129,58740.52563
20131,35633.99408
20132,24321.48705
20133,37091.38161
20134,29687.99267
20135,47680.14761
20136,42358.32414
20137,30993.53685
20138,25621.39004
20139,26834.57948
20141,30814.19432
20142,24800.16201
20143,33687.28486
20144,53539.56707
20145,85275.51041
20146,35850.02383
20147,27884.57081
20148,31752.89729
20149,59306.51772
20151,32035.69414
20152,23650.13579
20153,24529.55627
20154,47500.702
20155,29616.65398
20156,24758.53961
20157,19054.28874
20158,25956.94639
20159,30881.55778
20161,24590.12993
20162,26093.0728
